precision,recall,f1-score,support
0.9307321350284963,0.38712618526622905,0.5468126207340631,5484.0
0.6541825290667764,0.9757519950890117,0.7832460732984293,6516.0
0.70675,0.70675,0.70675,0.70675
0.7924573320476364,0.6814390901776204,0.6650293470162463,12000.0
0.7805656989912824,0.70675,0.6751959854765139,12000.0
