precision,recall,f1-score,support
0.8396287502698035,0.7093362509117432,0.7690026687753286,5484.0
0.783629700013574,0.8859729895641498,0.8316646258013397,6516.0
0.80525,0.80525,0.80525,0.80525
0.8116292251416888,0.7976546202379465,0.8003336472883342,12000.0
0.809221265980671,0.80525,0.8030281114404527,12000.0
