precision,recall,f1-score,support
0.0,0.0,0.0,5484.0
0.543,1.0,0.7038237200259235,6516.0
0.543,0.543,0.543,0.543
0.2715,0.5,0.35191186001296176,12000.0
0.294849,0.543,0.3821762799740765,12000.0
