precision,recall,f1-score,support
0.0,0.0,0.0,388.0
0.515,1.0,0.6798679867986799,412.0
0.515,0.515,0.515,0.515
0.2575,0.5,0.33993399339933994,800.0
0.265225,0.515,0.35013201320132015,800.0
