precision,recall,f1-score,support
0.0,0.0,0.0,10983.0
0.5181838122395263,1.0,0.6826364608316237,11812.0
0.5181838122395263,0.5181838122395263,0.5181838122395263,0.5181838122395263
0.2590919061197631,0.5,0.34131823041581183,22795.0
0.26851446326708855,0.5181838122395263,0.3537311636474288,22795.0
