precision,recall,f1-score,support
0.8335978835978836,0.574580598103574,0.6802677029360967,5484.0
0.7161800486618005,0.9034683855125845,0.7989956568946797,6516.0
0.7531666666666667,0.7531666666666667,0.7531666666666667,0.7531666666666667
0.774888966129842,0.7390244918080793,0.7396316799153881,12000.0
0.7698399992275905,0.7531666666666667,0.7447369819356072,12000.0
