precision,recall,f1-score,support
0.5144188596491228,0.8543203132113266,0.6421654176504809,10983.0
0.6487376509330406,0.2501693193362682,0.36109244210912195,11812.0
0.5412590480368502,0.5412590480368502,0.5412590480368502,0.5412590480368502
0.5815782552910818,0.5522448162737974,0.5016289298798013,22795.0
0.5840206829720287,0.5412590480368502,0.49651795166695234,22795.0
