precision,recall,f1-score,support
0.5568011958146487,0.4748247291268324,0.5125558995528035,10983.0
0.5704817931342617,0.6485777175753471,0.6070282476922467,11812.0
0.5648607150690941,0.5648607150690941,0.5648607150690941,0.5648607150690941
0.5636414944744552,0.5617012233510897,0.559792073622525,22795.0
0.5638902598874397,0.5648607150690941,0.5615099410629198,22795.0
