precision,recall,f1-score,support
0.7645502645502645,0.7448453608247423,0.7545691906005222,388.0
0.7654028436018957,0.7839805825242718,0.7745803357314148,412.0
0.765,0.765,0.765,0.765
0.7649765540760801,0.7644129716745071,0.7645747631659685,800.0
0.7649893427618545,0.765,0.7648749303429319,800.0
