precision,recall,f1-score,support
0.7256637168141593,0.845360824742268,0.780952380952381,388.0
0.8275862068965517,0.6990291262135923,0.7578947368421052,412.0
0.77,0.77,0.77,0.77
0.7766249618553556,0.7721949754779301,0.7694235588972431,800.0
0.7781537992065914,0.77,0.7690776942355889,800.0
