precision,recall,f1-score,support
0.5012823614807645,0.9431849221524173,0.6546385237613752,10983.0
0.7070422535211267,0.12749746020995598,0.21603787118060536,11812.0
0.5205088835270892,0.5205088835270892,0.5205088835270892,0.5205088835270892
0.6041623075009457,0.5353411911811866,0.4353381974709903,22795.0
0.6079038067442327,0.5205088835270892,0.4273627655563279,22795.0
