precision,recall,f1-score,support
0.7841269841269841,0.6365979381443299,0.7027027027027027,388.0
0.709278350515464,0.8349514563106796,0.7670011148272018,412.0
0.73875,0.73875,0.73875,0.73875
0.746702667321224,0.7357746972275048,0.7348519087649523,800.0
0.7455799378170513,0.73875,0.7358163849468198,800.0
