precision,recall,f1-score,support
0.7595628415300546,0.7164948453608248,0.7374005305039788,388.0
0.7465437788018433,0.7864077669902912,0.7659574468085106,412.0
0.7525,0.7525,0.7525,0.7525
0.7530533101659489,0.751451306175558,0.7516789886562447,800.0
0.7528580242250257,0.7525,0.7521073424008128,800.0
