precision,recall,f1-score,support
0.8605898123324397,0.8273195876288659,0.8436268068331142,388.0
0.8430913348946136,0.8737864077669902,0.8581644815256256,412.0
0.85125,0.85125,0.85125,0.85125
0.8518405736135266,0.850552997697928,0.8508956441793699,800.0
0.8515780964519593,0.85125,0.8511137092997576,800.0
