precision,recall,f1-score,support
0.5319805194805195,0.5967404170081034,0.562502682058104,10983.0
0.577183770883055,0.5118523535387741,0.5425584421411586,11812.0
0.5527527966659355,0.5527527966659355,0.5527527966659355,0.5527527966659355
0.5545821451817872,0.5542963852734388,0.5525305620996313,22795.0
0.555404112617907,0.5527527966659355,0.5521678997857214,22795.0
