precision,recall,f1-score,support
0.5783921829891183,0.9498541210795041,0.7189786059351275,5484.0
0.9081496325985304,0.417280540208717,0.5718191377497371,6516.0
0.6606666666666666,0.6606666666666666,0.6606666666666666,0.6606666666666666
0.7432709077938244,0.6835673306441106,0.6453988718424324,12000.0
0.7574504781270291,0.6606666666666666,0.6390710147104606,12000.0
