precision,recall,f1-score,support
0.7835365853658537,0.6623711340206185,0.7178770949720671,388.0
0.722457627118644,0.8276699029126213,0.7714932126696833,412.0
0.7475,0.7475,0.7475,0.7475
0.7529971062422489,0.7450205184666199,0.7446851538208752,800.0
0.7520809218685406,0.7475,0.7454893955863394,800.0
