precision,recall,f1-score,support
0.5524645652633806,0.4755531275607757,0.5111317708078484,10983.0
0.5682482572520801,0.6418049441246191,0.6027909195722181,11812.0
0.5617021276595745,0.5617021276595745,0.5617021276595745,0.5617021276595745
0.5603564112577304,0.5586790358426974,0.5569613451900333,22795.0
0.5606434189492994,0.5617021276595745,0.5586280579411994,22795.0
