precision,recall,f1-score,support
0.5139309689300778,0.7876718565055085,0.6220161058383663,10983.0
0.6088560885608856,0.30731459532678634,0.40846179813210304,11812.0
0.5387584996709804,0.5387584996709804,0.5387584996709804,0.5387584996709804
0.5613935287454817,0.5474932259161475,0.5152389519852347,22795.0
0.5631196292976629,0.5387584996709804,0.511355720550962,22795.0
