precision,recall,f1-score,support
0.8246913580246914,0.8608247422680413,0.8423707440100884,388.0
0.8632911392405064,0.8276699029126213,0.8451053283767037,412.0
0.84375,0.84375,0.84375,0.84375
0.8439912486325989,0.8442473225903313,0.843738036193396,800.0
0.844570245350836,0.84375,0.8437790549588954,800.0
