precision,recall,f1-score,support
0.5085256371633428,0.7684603478102522,0.612037708484409,10983.0
0.5897063568893192,0.30943108703013883,0.4058856191004997,11812.0
0.5305988155297214,0.5305988155297214,0.5305988155297214,0.5305988155297214
0.549115997026331,0.5389457174201955,0.5089616637924543,22795.0
0.5505921719912977,0.5305988155297214,0.5052130329063113,22795.0
