precision,recall,f1-score,support
0.8083989501312336,0.7938144329896907,0.8010403120936281,388.0
0.8090692124105012,0.8228155339805825,0.8158844765342961,412.0
0.80875,0.80875,0.80875,0.80875
0.8087340812708674,0.8083149834851366,0.8084623943139622,800.0
0.8087441352050564,0.80875,0.808685056780572,800.0
