precision,recall,f1-score,support
0.7158289572393098,0.8699854121079504,0.7854144374022554,5484.0
0.8663542642924086,0.7093308778391652,0.7800185638342757,6516.0
0.78275,0.78275,0.78275,0.78275
0.7910916107658592,0.7896581449735578,0.7827165006182655,12000.0
0.7975641989691424,0.78275,0.7824844780548423,12000.0
