precision,recall,f1-score,support
0.5017023346303502,0.9390077378243059,0.653986368679664,2197.0
0.7002237136465325,0.13251481795088907,0.22285510857956567,2362.0
0.5211669225707392,0.5211669225707392,0.5211669225707392,0.5211669225707392
0.6009630241384414,0.5357612778875975,0.43842073862961484,4559.0
0.6045554816442178,0.5211669225707392,0.4306189555723088,4559.0
