precision,recall,f1-score,support
0.9357293868921776,0.4035375638220277,0.5638934896165118,5484.0
0.6605085625324338,0.9766728054020871,0.7880626586589066,6516.0
0.71475,0.71475,0.71475,0.71475
0.7981189747123056,0.6901051846120574,0.6759780741377092,12000.0
0.7862844792648367,0.71475,0.6856173484065321,12000.0
