precision,recall,f1-score,support
0.6344947270057402,0.8667031363967906,0.7326396917148363,5484.0
0.8378797959636283,0.5798035604665439,0.6853514739229024,6516.0
0.7109166666666666,0.7109166666666666,0.7109166666666666,0.7109166666666666
0.7361872614846843,0.7232533484316672,0.7089955828188694,12000.0
0.7449328194498733,0.7109166666666666,0.7069621894538162,12000.0
