precision,recall,f1-score,support
0.6632054176072235,0.8036105032822757,0.7266881028938906,5484.0
0.7988795518207283,0.6565377532228361,0.7207480414455397,6516.0
0.72375,0.72375,0.72375,0.72375
0.7310424847139759,0.7300741282525559,0.7237180721697152,12000.0
0.7368764724851565,0.72375,0.723462649527436,12000.0
