precision,recall,f1-score,support
0.5284213362068966,0.7143767640899572,0.607487127869614,10983.0
0.6052598464829495,0.4072130037250254,0.48686674426843457,11812.0
0.5552094757622286,0.5552094757622286,0.5552094757622286,0.5552094757622286
0.566840591344923,0.5607948839074913,0.5471769360690243,22795.0
0.5682378083885476,0.5552094757622286,0.5449835976613608,22795.0
