precision,recall,f1-score,support
0.68,0.4722222222222222,0.5573770491803278,108.0
0.7010309278350515,0.7285714285714285,0.7145359019264449,280.0
0.6707317073170732,0.7333333333333333,0.7006369426751593,300.0
0.7358490566037735,0.6964285714285714,0.7155963302752294,112.0
0.69125,0.69125,0.69125,0.69125
0.6969029229389746,0.6576388888888889,0.6720365560142904,800.0
0.6917040829106987,0.69125,0.6882558070553167,800.0
