precision,recall,f1-score,support
0.4647887323943662,0.3055555555555556,0.3687150837988826,108.0
0.56957928802589,0.6285714285714286,0.597623089983022,280.0
0.5784615384615385,0.6266666666666667,0.6016,300.0
0.6526315789473685,0.5535714285714286,0.5990338164251209,112.0
0.57375,0.57375,0.57375,0.57375
0.5663652844572908,0.5285912698412698,0.5417429975517564,800.0
0.5703907276580094,0.57375,0.5684093521064238,800.0
