precision,recall,f1-score,support
0.52,0.6018518518518519,0.5579399141630902,108.0
0.7096774193548387,0.7071428571428572,0.708407871198569,280.0
0.7400881057268722,0.56,0.6375711574952562,300.0
0.5502958579881657,0.8303571428571429,0.6619217081850535,112.0
0.655,0.655,0.655,0.655
0.6300153457674692,0.674837962962963,0.6414601627604921,800.0
0.6731615565401138,0.655,0.6550228665381448,800.0
