precision,recall,f1-score,support
0.4838709677419355,0.1388888888888889,0.21582733812949645,108.0
0.5454545454545454,0.7285714285714285,0.6238532110091742,280.0
0.5815384615384616,0.63,0.6048,300.0
0.7,0.4375,0.5384615384615384,112.0
0.57125,0.57125,0.57125,0.57125
0.5777159936837356,0.48374007936507935,0.4957355219000523,800.0
0.5723085946311752,0.57125,0.5496699298853084,800.0
