precision,recall,f1-score,support
0.7708333333333334,0.3425925925925926,0.4743589743589744,108.0
0.6590038314176245,0.6142857142857143,0.6358595194085027,280.0
0.5645161290322581,0.7,0.625,300.0
0.6134453781512605,0.6517857142857143,0.6320346320346321,112.0
0.615,0.615,0.615,0.615
0.6519496679836191,0.5771660052910053,0.5918132814505273,800.0
0.6322897423244419,0.615,0.609449141816286,800.0
