precision,recall,f1-score,support
0.7142857142857143,0.5092592592592593,0.5945945945945946,108.0
0.7405857740585774,0.6321428571428571,0.6820809248554912,280.0
0.6713091922005571,0.8033333333333333,0.7314112291350532,300.0
0.688,0.7678571428571429,0.7257383966244725,112.0
0.69875,0.69875,0.69875,0.69875
0.7035451701362121,0.6781481481481482,0.683456286302403,800.0
0.7036945394242825,0.69875,0.6948811804227633,800.0
