precision,recall,f1-score,support
0.7727272727272727,0.3148148148148148,0.4473684210526316,108.0
0.6209150326797386,0.6785714285714286,0.6484641638225256,280.0
0.5674931129476584,0.6866666666666666,0.621417797888386,300.0
0.6896551724137931,0.5357142857142857,0.6030150753768845,112.0
0.6125,0.6125,0.6125,0.6125
0.6626976476921157,0.553941798941799,0.5800663645351068,800.0
0.6310000847493932,0.6125,0.6048109789408977,800.0
