precision,recall,f1-score,support
0.0,0.0,0.0,108.0
0.29310344827586204,0.060714285714285714,0.10059171597633136,280.0
0.38095238095238093,0.9333333333333333,0.5410628019323672,300.0
0.5714285714285714,0.03571428571428571,0.06722689075630252,112.0
0.37625,0.37625,0.37625,0.37625
0.3113711001642036,0.2574404761904762,0.17722035216625026,800.0
0.32544334975369454,0.37625,0.24751741602223604,800.0
