precision,recall,f1-score,support
0.08333333333333333,0.009259259259259259,0.016666666666666666,108.0
0.5132743362831859,0.6214285714285714,0.5621970920840065,280.0
0.4758269720101781,0.6233333333333333,0.5396825396825398,300.0
0.6071428571428571,0.30357142857142855,0.40476190476190477,112.0
0.495,0.495,0.495,0.495
0.41989437469238866,0.38939814814814816,0.38082705079877943,800.0
0.4543311322029318,0.495,0.45806660127702137,800.0
