precision,recall,f1-score,support
0.6607142857142857,0.3425925925925926,0.45121951219512196,108.0
0.6106870229007634,0.5714285714285714,0.5904059040590407,280.0
0.5471204188481675,0.6966666666666667,0.6129032258064516,300.0
0.64,0.5714285714285714,0.6037735849056605,112.0
0.5875,0.5875,0.5875,0.5875
0.6146304318658041,0.5455291005291005,0.5645755567415687,800.0
0.5977070436547586,0.5875,0.5819237121312176,800.0
